<!-- Tibia Items for Tibia 7.55 -->
<item-definitions>
	<consts>
		<!-- item codes -->
		<const code="ropespot" value="0x182"/> 
		<const code="ladder" value="0x79c"/> 
		<const code="smallstone" value="0x6f5"/> 
		<const code="bagbrown" value="0xb25"/>
		<const code="rope" value="0xbbb"/>
		<const code="GP" value="0xbd7"/>
		<const code="runeUH" value="0xc58"/>
		<const code="runeIH" value="0xc50"/>
		<const code="runeLMM" value="0xc66"/>
		<const code="runeHMM" value="0xc7e"/>
		<const code="runeGFB" value="0xc77"/>
		<const code="runeExplo" value="0xc80"/>
		<const code="runeSoulFire" value="0xc7b"/>
		<const code="runeSD" value="0xc53"/>
		<const code="runeBlank" value="0xc4b"/>
		<const code="fish" value="0xdfa"/>
		<const code="fishingRod" value="0xd9b"/>
		<const code="fluid" value="0xb3a"/>
		<const code="worms" value="0xda4"/>
		<const code="arrow" value="0xd77"/>
		<const code="bolt" value="0xd76"/>
		<const code="spear" value="0xccd"/>
		<const code="waterWithFishStart" value="0x11F5"/>
		<const code="waterWithFishEnd" value="0x11FA"/>
		<const code="crate" value="0x1B3"/>
		<const code="shovel" value="0xD81"/>
		<const code="closedhole" value="0x251"/>

		<!-- addresses -->
		<const code="addrOffset" value="0"/>

		<const code="addrHP" value="0x5FB92C"/>
		<const code="addrMana" value="0x5FB910"/>
		<const code="addrLeftHand" value="0x006041B4"/>
		<const code="addrRightHand" value="0x006041A8"/>
		<const code="addrSlotArrow" value="0x006041E4"/>
		<const code="addrSelfPosX" value="0"/>
		<const code="addrSelfPosY" value="0"/>
		<const code="addrSelfPosZ" value="0"/>
		<const code="addrBattleMin" value="0x005FB994"/>
		<const code="addrBattleMax" value="0x00601754"/>
		<const code="addrHPMax" value="0x005FB928"/>
		<const code="addrManaMax" value="0x005B790C"/>
		<const code="addrCap" value="0x005FB900"/>
		<const code="addrExp" value="0x005FB924"/>
		<const code="addrLvl" value="0x005FB920"/>
		<const code="addrMlvl" value="0x005B791C"/>
		<const code="addrFirstContainer" value="0x006041F0"/>
		<const code="addrFirstCreature" value="0x5FB990"/>
		<const code="addrAttackedCreature" value="0x005FB8FC"/>
		<const code="addrSoulPoints" value="0x005FB908"/>
		<const code="addrTradeCountSelf" value="0x6060D0"/> 
		<const code="addrTradeCountPartner" value="0x6065A8"/> 
		<const code="addrTradeFirstItemSelf" value="0x6060D4"/> 
		<const code="addrTradeFirstItemPartner" value="0x6065AC"/> 
		<const code="addrSelfFlags" value="0x005FB8B8"/>
		<const code="addrGoX" value="0x5FB974"/> 
		<const code="addrGoY" value="0x5FB970"/> 
		<const code="addrGoZ" value="0x5FB96C"/> 
		<const code="addrSkillFish" value="0x005FB8F0"/>
		<const code="addrSelfId" value="0x005FB930"/>

		<const code="addrMapStart" value="0x0060A038"/>
		<const code="addrCurrentTm" value="0x603930"/> 
		<const code="addrTilesToGo" value="0x5FB93C"/> 
		<const code="addrCurrentTileToGo" value="0x5FB938"/> 
		<const code="addrMlvlPercLeft" value="0x005FB914"/>
		<const code="addrSkillFist" value="0x005FB8D8"/>
		<const code="addrSkillFistPercLeft" value="0x5FB8BC"/> 
		<const code="addrFps" value="0x7526BC"/> <!-- ??? -->

		<const code="addrFunRevealCName1" value="0x4D8007"/> <!-- lookup: CMP ECX, 07H; ret through 3rd from end -->
		<const code="addrFunRevealCName2" value="0"/>
		<const code="addrFunRevealCName3" value="0"/>
		<const code="addrFunRevealCName4" value="0"/>
		<const code="addrMCInject" value="0xEFB71"/> 


		<!-- structure lengths -->
		<const code="lengthContainer" value="492"/>
		<const code="lengthItem" value="12"/>
		<const code="lengthCreature" value="160"/>
		<const code="lengthMapTile" value="172"/>

		<const code="maxContainers" value="10"/>
		<const code="maxCreatures" value="150"/>
		<const code="maxMapTiles" value="2016"/>





	</consts>
        <items>
      <item id="0xc7e" name="Rune: Heavy Magic Missile"/>
      <item id="0xc58" name="Rune: Ultimate Healing"/>
      <item id="0xc4b" name="Rune: Blank"/>
      <item id="0xc4c" name="Rune: Destroy Field"/>
      <item id="0xc5c" name="Rune: Energy Field"/>
      <item id="0xc74" name="Rune: Fire Field"/>
      <item id="0xc80" name="Rune: Explosion"/>
      <item id="0xc69" name="Rune: Convince Creature"/>
      <item id="0xc77" name="Rune: Great Fireball"/>
      <item id="0xc66" name="Rune: Light Magic Missile"/>
      <item id="0xc50" name="Rune: Intense Healing"/>
      <item id="0xc64" name="Rune: Poison Field"/>
      <item id="0xc6a" name="Rune: Chameleon"/>
      <item id="0xc53" name="Rune: Sudden Death"/>
      <item id="0xc51" name="Rune: Antidote"/>
      <item id="0xc78" name="Rune: Firebomb"/>
      <item id="0xc68" name="Rune: Poison Wall"/>
      <item id="0xc5e" name="Rune: Energy Wall"/>
      <item id="0xc76" name="Rune: Fire Wall"/>
      <item id="0xc75" name="Rune: Firebomb"/>
      
      <item id="0xbdb" name="Platinum coins"/>
      <item id="0xbd3" name="Black Perl"/>
      <item id="0xbd7" name="Gold coins"/>
      <item id="0xbd4" name="Small Diamond"/>
      <item id="0xbe3" name="Crystal coins"/>
      
         <item id="0xccf" name="War Hammer"/>
         <item id="0xcfc" name="Skull Staff"/>
         <item id="0xcfa" name="Dragon Hammer"/>
         <item id="0xce9" name="Battle Hammer"/>
         <item id="0xcd2" name="Morning Star"/>
         <item id="0xcff" name="Daramanian Mace"/>
         <item id="0xcee" name="Iron Hammer"/>
         <item id="0xcd6" name="Mace"/>
               <item id="0xc09" name="Bone Club"/>
         <item id="0xcd9" name="Staff"/>
         <item id="0xcc6" name="Club"/>
         <item id="0xce8" name="Crowbar"/>
         <item id="0xc83" name="Wooden Hammer"/> 
         
          <!-- Amulets and Necklaces -->
         <item id="0xbf1"  name="Amulet of Loss"/>
         <item id="0xc05"  name="Ankh"/>
         <item id="0xbf0"  name="Bronze Amulet"/>
         <item id="0xbc0"  name="Crystal Necklace"/>
         <item id="0xc0d"  name="Dragon Necklace"/>
         <item id="0xc0b"  name="Garlic Necklace"/>
         <item id="0xbef"  name="Platinum Amulet"/>
         <item id="0xdf4"  name="Scarf"/>
         <item id="0xbee"  name="Silver Amulet"/>
         <item id="0xc09"  name="Stone Skin Amulet"/>
         <item id="0xbc6"  name="Star Amulet"/>
         <item id="0xc0c"  name="Protection Amulet"/>
         <item id="0xbe5"  name="Strange Talisman"/>
         <item id="0xbc4"  name="Wolf Tooth Chain"/> 

      <item id="0x6f5" name="Small Stone"/>
      <item id="0xd76" name="Bolt"/>
      <item id="0xd77" name="Arrow"/>
      <item id="0xd16" name="Bow"/>
      <item id="0xd15" name="Crossbow"/>
      <item id="0xd79" name="Burst Arrow"/>
      <item id="0xd78" name="Poison Arrow"/>
      <item id="0xcd7" name="Throwing Star"/>
      <item id="0xce2" name="Throwing Knife"/>
      <item id="0xcc3" name="Dagger"/>
      <item id="0xcde" name="Short Sword"/>
      <item id="0xcd1" name="Giant Sword"/>
      <item id="0xcdf" name="Bright Sword"/>
      <item id="0xcdb" name="Knife"/>
	

      <item id="0xbbb" name="Rope"/>
      <item id="0xda4" name="Worm"/>
      <item id="0xd9b" name="Fishing Rod"/>
      <item id="0xb3a" name="Fluids"/>

      <item id="0xcf1" name="Dragon Lance"/>
      <item id="0xce5" name="Broad Sword"/>
      <item id="0xde5" name="Plate Legs"/>
      <item id="0xcc7" name="Spike Sword"/>
      <item id="0xcc1" name="Broad Sword"/>
      <item id="0xd1d" name="Plate Armor"/>
      <item id="0xd73" name="Tusk Shield"/>
      <item id="0xd2c" name="Brass Legs"/>
      <item id="0xd36" name="Crown Legs"/>
      <item id="0xdef" name="Blue Robe"/>
      <item id="0xd3f" name="Crusader Helmet"/>
      <item id="0xd5b" name="Crown Shield"/>
      <item id="0xbef" name="Platinum Amulet"/>
      <item id="0xd61" name="Dwarven Shield"/>
      <item id="0xcd4" name="Ice Rapier"/>

      <item id="0xbbf" name="Crystal Ring"/>
      <item id="0xbea" name="Power Ring"/>
      <item id="0xc19" name="Dwarven Ring"/>
      <item id="0xbeb" name="Energy Ring"/>
      <item id="0xbe9" name="Stealth Ring"/>
      <item id="0xbc2" name="Emerald Bangle"/>
      <item id="0xbec" name="Life Ring"/>
      <item id="0xbf7" name="Golden Ring"/>

      <item id="0xb25" name="Brown Bag"/>
      <item id="0xb36" name="Black Backpack"/>
      <item id="0xb34" name="Purple Backpack"/>
      <item id="0xb37" name="Gold Backpack"/>
      <item id="0xb32" name="Yellow Backpack"/>
      <item id="0xb33" name="Red Backpack"/>
      <item id="0xb26" name="Brown Backpack"/>
      <item id="0xb31" name="Green Backpack"/>
      <item id="0xb38" name="Grass Backpack"/>
      <item id="0xb35" name="Blue Backpack"/>
      <item id="0xb35" name="Blue Backpack"/>

      <item id="0xe8b" name="White Mushroom"/>
      <item id="0xe10" name="Bread"/>
      <item id="0xe11" name="Roll"/>
      <item id="0xdfa" name="Fish"/>
      <item id="0xdf9" name="Meat"/>
      <item id="0xe08" name="Grapes"/>
      <item id="0xe17" name="Cheese"/>
      <item id="0xdfe" name="Ham"/>
      <item id="0xe01" name="Apple"/>
      <item id="0xe06" name="Cherry"/>
      <item id="0xdff" name="Dragon Ham"/>
      <item id="0xe8d" name="Brown Mushroom"/>
      <item id="0xe94" name="Green Mushroom"/>
      <item id="0xe02" name="Orange"/>
      <item id="0xe0e" name="Cookie"/>
      <item id="0xcc0" name="Sword"/>
      <item id="0xd52" name="Plate Shield"/>


        </items>
        <foods>
         <item id="0xe01"  name="Apple"/>
         <item id="0xe03"  name="Banana"/>
         <item id="0xe04"  name="Blueberry"/>
         <item id="0xe10"  name="Bread"/>
         <item id="0xe12"  name="Brown Bread"/>
         <item id="0xe8d"  name="Brown Mushroom"/>
         <item id="0xe0f"  name="Candy Cane"/>
         <item id="0xe0b"  name="Carrot"/>
         <item id="0xe17"  name="Cheese"/>
         <item id="0xe06"  name="Cherry"/>
         <item id="0xe05"  name="Coconuts"/>
         <item id="0xe0d"  name="Corncobs"/>
         <item id="0xe0e"  name="Cookie"/>
         <item id="0xdff"  name="Dragon Ham"/>
         <item id="0xe16"  name="Egg"/>
         <item id="0xdfa"  name="Fish"/>
         <item id="0xe08"  name="Grapes"/>
         <item id="0xe94"  name="Green Mushroom"/>
         <item id="0xdfe"  name="Ham"/>
         <item id="0xdf9"  name="Meat"/>
         <item id="0xe09"  name="Mellon"/>
         <item id="0xe02"  name="Orange"/>
         <item id="0xe11"  name="Roll"/>
         <item id="0xdfb"  name="Salmon"/>
         <item id="0xe8b"  name="White Mushroom"/>
        </foods> 
        
        <looted>
      <item id="0xd76" name="Bolt"/>
      <item id="0xbd7" name="Gold coins"/>
        </looted>
</item-definitions>